id,analysis_type,timestamp,input_data,agent_name,status,severity,threat_detected,threat_type,full_results,processing_time,cached
1,test,"2026-01-19 18:46:07","{"test": "data"}",TestAgent,success,low,0,NULL,"{"data": {"test": "data"}, "status": "success", "severity": "low", "agent_name": "TestAgent", "request_type": "test", "threat_detected": "false"}",0,0
2,unknown,"2026-01-20 12:42:16",{},NULL,success,high,1,intrusion,"{"agent": "LogAnalyzer", "status": "success", "severity": "high", "description": "A potential brute-force attack has been detected on the production web server, targeting the root user via SSH. The attacker is originating from IP address 185.220.101.42 and has made 15 failed login attempts within 60 seconds. This activity poses a significant threat to the security of the server, as a successful login could grant the attacker full administrative access.", "threat_type": "intrusion", "threat_detected": "true", "recommended_action": "To mitigate this threat, it is recommended to: (1) block the IP address 185.220.101.42 at the firewall level to prevent further attempts, (2) consider implementing a rate-limiting or fail2ban policy to automatically block IP addresses with excessive failed login attempts, (3) review and enforce strong password policies for all users, especially the root user, and (4) monitor the server for any signs of unauthorized access or suspicious activity."}",0,0
3,unknown,"2026-01-20 12:42:22",{},NULL,success,critical,1,ransomware,"{"agent": "LogAnalyzer", "status": "success", "severity": "critical", "description": "A ransomware attack has been detected on the file server, resulting in the encryption of multiple files with a .locked extension. A ransom note has been created, indicating that the attacker is demanding payment in exchange for the decryption key. This type of attack can cause significant disruption to business operations and result in data loss if not addressed promptly.", "threat_type": "ransomware", "threat_detected": "true", "recommended_action": "Immediate action is required to contain and mitigate the attack. Recommended steps include: (1) isolating the affected file server to prevent further encryption, (2) taking a forensic image of the affected system for further analysis, (3) contacting law enforcement and a cybersecurity incident response team, (4) attempting to restore files from backups, and (5) considering payment of the ransom only as a last resort, if approved by management and law enforcement."}",0,0
4,unknown,"2026-01-20 12:47:30",{},NULL,success,high,1,intrusion,"{"agent": "LogAnalyzer", "status": "success", "severity": "high", "description": "A potential brute-force attack has been detected on the production Linux server. An unknown actor is attempting to guess the root password from IP address 185.220.101.42. This could lead to unauthorized access to the server if the password is guessed correctly.", "threat_type": "intrusion", "threat_detected": "true", "recommended_action": "Block the IP address 185.220.101.42 at the firewall level to prevent further attempts. Consider implementing additional security measures such as fail2ban to automatically block IP addresses with multiple failed login attempts, and ensure that the root user has a strong, unique password. It is also recommended to disable root login via SSH and use sudo or other privilege escalation methods for administrative tasks."}",0,0
5,unknown,"2026-01-20 12:47:39",{},NULL,success,high,1,intrusion,"{"agent": "LogAnalyzer", "status": "success", "severity": "high", "description": "A potential brute-force attack has been detected on the production Linux server. The attack originated from IP address 185.220.101.42, with 12 failed login attempts for the admin user within 45 seconds. This could indicate a malicious actor attempting to gain unauthorized access to the system.", "threat_type": "intrusion", "threat_detected": "true", "recommended_action": "Block the IP address 185.220.101.42 at the firewall level to prevent further attempts. Consider implementing additional security measures such as Fail2Ban to automatically block IPs after a specified number of failed login attempts, and review the server's SSH configuration to ensure that only necessary ports are open. It is also recommended to review the admin user's password and consider resetting it to a stronger, more complex password."}",0,0
6,unknown,"2026-01-20 12:47:53",{},NULL,success,high,1,intrusion,"{"agent": "LogAnalyzer", "status": "success", "severity": "high", "description": "A potentially malicious login has been detected from an IP address known for malicious activities. The 'root' user has successfully logged in, which could indicate an unauthorized access attempt, potentially leading to system compromise or data breach.", "threat_type": "intrusion", "threat_detected": "true", "recommended_action": "Investigate the login immediately, verify the identity of the user who logged in, and consider blocking the IP address 185.220.101.42. Review server logs for any suspicious activity following the login, and ensure all security updates and patches are up to date. It's also recommended to monitor the server closely for any signs of malicious behavior."}",0,0
7,unknown,"2026-01-20 12:47:56",{},NULL,success,critical,1,ransomware,"{"agent": "LogAnalyzer", "status": "success", "severity": "critical", "description": "A ransomware attack has been detected on the Windows file server, with multiple files encrypted and a ransom note created. This is a critical threat that requires immediate attention to prevent further damage and potential data loss.", "threat_type": "ransomware", "threat_detected": "true", "recommended_action": "Isolate the affected server from the network immediately to prevent the ransomware from spreading. Activate incident response procedures and alert relevant teams. Consider contacting law enforcement and cybersecurity experts for guidance. Prioritize backups to restore encrypted files if available. Avoid paying the ransom as it does not guarantee data recovery and may encourage further malicious activity."}",0,0
8,unknown,"2026-01-20 12:47:59",{},NULL,success,medium,1,intrusion,"{"agent": "LogAnalyzer", "status": "success", "severity": "medium", "description": "A suspicious SMB connection has been detected from 192.168.1.105 to the Windows file server at 192.168.1.110. This could indicate an attempt to access or exploit shared resources without authorization. The severity is categorized as medium because, while the connection is suspicious, there's no immediate indication of a critical breach or malware outbreak. However, it warrants further investigation to determine the legitimacy and intent behind the connection.", "threat_type": "intrusion", "threat_detected": "true", "recommended_action": "Investigate the source IP address (192.168.1.105) to determine if it is an authorized device on the network. Review recent file access logs on the server (192.168.1.110) for any suspicious activity. Consider blocking the IP address temporarily if it's not recognized as a legitimate device. Finally, ensure that all SMB connections are encrypted and that the latest security patches are applied to both the client and server systems."}",0,0
9,unknown,"2026-01-20 12:48:02",{},NULL,success,high,1,malware,"{"agent": "LogAnalyzer", "status": "success", "severity": "high", "description": "A potentially malicious execution of PowerShell with encoded commands has been detected on a Windows file server. This could indicate an attempt to install malware, exfiltrate data, or establish a backdoor for future access. The use of encoded commands suggests an effort to avoid detection by traditional security monitoring tools.", "threat_type": "malware", "threat_detected": "true", "recommended_action": "Immediately isolate the affected host (192.168.1.110) from the network to prevent potential lateral movement. Conduct a thorough forensic analysis of the system to identify the source and scope of the threat. Check for any unauthorized changes to system files, registry settings, or user accounts. Consider running a full antivirus scan and applying any pending security updates. Monitor network traffic and system logs for signs of continued malicious activity."}",0,0
10,unknown,"2026-01-20 17:34:44",{},NULL,success,high,1,intrusion,"{"agent": "LogAnalyzer", "status": "success", "severity": "high", "description": "A potential brute-force attack has been detected on the production Linux server. An unknown actor is attempting to guess the root password from IP address 185.220.101.42. This could lead to unauthorized access to the server if the password is guessed correctly.", "threat_type": "intrusion", "threat_detected": "true", "recommended_action": "Block the IP address 185.220.101.42 at the firewall level to prevent further attempts. Consider implementing additional security measures such as fail2ban to automatically block IP addresses with multiple failed login attempts, and ensure that the root user has a strong, unique password. It is also recommended to disable root login via SSH and use sudo or other privilege escalation methods for administrative tasks."}",0,0
11,unknown,"2026-01-20 17:34:48",{},NULL,success,high,1,intrusion,"{"agent": "LogAnalyzer", "status": "success", "severity": "high", "description": "A potential brute-force attack has been detected on the production Linux server. The attack originated from IP address 185.220.101.42, with 12 failed login attempts for the admin user within 45 seconds. This could indicate a malicious actor attempting to gain unauthorized access to the system.", "threat_type": "intrusion", "threat_detected": "true", "recommended_action": "Block the IP address 185.220.101.42 at the firewall level to prevent further attempts. Consider implementing additional security measures such as Fail2Ban to automatically block IPs after a specified number of failed login attempts, and review the server's SSH configuration to ensure that only necessary ports are open. It is also recommended to review the admin user's password and consider resetting it to a stronger, more complex password."}",0,0
12,unknown,"2026-01-20 17:34:53",{},NULL,success,high,1,intrusion,"{"agent": "LogAnalyzer", "status": "success", "severity": "high", "description": "A potentially malicious login has been detected from an IP address known for malicious activities. The 'root' user has successfully logged in, which could indicate an unauthorized access attempt, potentially leading to system compromise or data breach.", "threat_type": "intrusion", "threat_detected": "true", "recommended_action": "Investigate the login immediately, verify the identity of the user who logged in, and consider blocking the IP address 185.220.101.42. Review server logs for any suspicious activity following the login, and ensure all security updates and patches are up to date. It's also recommended to monitor the server closely for any signs of malicious behavior."}",0,0
13,unknown,"2026-01-20 17:34:55",{},NULL,success,critical,1,ransomware,"{"agent": "LogAnalyzer", "status": "success", "severity": "critical", "description": "A ransomware attack has been detected on the Windows file server, with multiple files encrypted and a ransom note created. This is a critical threat that requires immediate attention to prevent further damage and potential data loss.", "threat_type": "ransomware", "threat_detected": "true", "recommended_action": "Isolate the affected server from the network immediately to prevent the ransomware from spreading. Activate incident response procedures and alert relevant teams. Consider contacting law enforcement and cybersecurity experts for guidance. Prioritize backups to restore encrypted files if available. Avoid paying the ransom as it does not guarantee data recovery and may encourage further malicious activity."}",0,0
14,unknown,"2026-01-20 17:34:57",{},NULL,success,medium,1,intrusion,"{"agent": "LogAnalyzer", "status": "success", "severity": "medium", "description": "A suspicious SMB connection has been detected from 192.168.1.105 to the Windows file server at 192.168.1.110. This could indicate an attempt to access or exploit shared resources without authorization. The severity is categorized as medium because, while the connection is suspicious, there's no immediate indication of a critical breach or malware outbreak. However, it warrants further investigation to determine the legitimacy and intent behind the connection.", "threat_type": "intrusion", "threat_detected": "true", "recommended_action": "Investigate the source IP address (192.168.1.105) to determine if it is an authorized device on the network. Review recent file access logs on the server (192.168.1.110) for any suspicious activity. Consider blocking the IP address temporarily if it's not recognized as a legitimate device. Finally, ensure that all SMB connections are encrypted and that the latest security patches are applied to both the client and server systems."}",0,0
15,unknown,"2026-01-20 17:34:59",{},NULL,success,high,1,malware,"{"agent": "LogAnalyzer", "status": "success", "severity": "high", "description": "A potentially malicious execution of PowerShell with encoded commands has been detected on a Windows file server. This could indicate an attempt to install malware, exfiltrate data, or establish a backdoor for future access. The use of encoded commands suggests an effort to avoid detection by traditional security monitoring tools.", "threat_type": "malware", "threat_detected": "true", "recommended_action": "Immediately isolate the affected host (192.168.1.110) from the network to prevent potential lateral movement. Conduct a thorough forensic analysis of the system to identify the source and scope of the threat. Check for any unauthorized changes to system files, registry settings, or user accounts. Consider running a full antivirus scan and applying any pending security updates. Monitor network traffic and system logs for signs of continued malicious activity."}",0,0
16,unknown,"2026-01-22 17:56:39",{},NULL,success,high,1,intrusion,"{"agent": "LogAnalyzer", "status": "success", "severity": "high", "description": "A potential brute-force attack has been detected on the production Linux server. An unknown actor is attempting to guess the root password from IP address 185.220.101.42. This could lead to unauthorized access to the server if the password is guessed correctly.", "threat_type": "intrusion", "threat_detected": "true", "recommended_action": "Block the IP address 185.220.101.42 at the firewall level to prevent further attempts. Consider implementing additional security measures such as fail2ban to automatically block IP addresses with multiple failed login attempts, and ensure that the root user has a strong, unique password. It is also recommended to disable root login via SSH and use sudo or other privilege escalation methods for administrative tasks."}",0,0
17,unknown,"2026-01-22 17:56:43",{},NULL,success,high,1,intrusion,"{"agent": "LogAnalyzer", "status": "success", "severity": "high", "description": "A potential brute-force attack has been detected on the production Linux server. The attack originated from IP address 185.220.101.42, with 12 failed login attempts for the admin user within 45 seconds. This could indicate a malicious actor attempting to gain unauthorized access to the system.", "threat_type": "intrusion", "threat_detected": "true", "recommended_action": "Block the IP address 185.220.101.42 at the firewall level to prevent further attempts. Consider implementing additional security measures such as Fail2Ban to automatically block IPs after a specified number of failed login attempts, and review the server's SSH configuration to ensure that only necessary ports are open. It is also recommended to review the admin user's password and consider resetting it to a stronger, more complex password."}",0,0
18,unknown,"2026-01-22 17:56:46",{},NULL,success,high,1,intrusion,"{"agent": "LogAnalyzer", "status": "success", "severity": "high", "description": "A potentially malicious login has been detected from an IP address known for malicious activities. The 'root' user has successfully logged in, which could indicate an unauthorized access attempt, potentially leading to system compromise or data breach.", "threat_type": "intrusion", "threat_detected": "true", "recommended_action": "Investigate the login immediately, verify the identity of the user who logged in, and consider blocking the IP address 185.220.101.42. Review server logs for any suspicious activity following the login, and ensure all security updates and patches are up to date. It's also recommended to monitor the server closely for any signs of malicious behavior."}",0,0
19,unknown,"2026-01-22 17:56:48",{},NULL,success,critical,1,ransomware,"{"agent": "LogAnalyzer", "status": "success", "severity": "critical", "description": "A ransomware attack has been detected on the Windows file server, with multiple files encrypted and a ransom note created. This is a critical threat that requires immediate attention to prevent further damage and potential data loss.", "threat_type": "ransomware", "threat_detected": "true", "recommended_action": "Isolate the affected server from the network immediately to prevent the ransomware from spreading. Activate incident response procedures and alert relevant teams. Consider contacting law enforcement and cybersecurity experts for guidance. Prioritize backups to restore encrypted files if available. Avoid paying the ransom as it does not guarantee data recovery and may encourage further malicious activity."}",0,0
20,unknown,"2026-01-22 17:56:50",{},NULL,success,medium,1,intrusion,"{"agent": "LogAnalyzer", "status": "success", "severity": "medium", "description": "A suspicious SMB connection has been detected from 192.168.1.105 to the Windows file server at 192.168.1.110. This could indicate an attempt to access or exploit shared resources without authorization. The severity is categorized as medium because, while the connection is suspicious, there's no immediate indication of a critical breach or malware outbreak. However, it warrants further investigation to determine the legitimacy and intent behind the connection.", "threat_type": "intrusion", "threat_detected": "true", "recommended_action": "Investigate the source IP address (192.168.1.105) to determine if it is an authorized device on the network. Review recent file access logs on the server (192.168.1.110) for any suspicious activity. Consider blocking the IP address temporarily if it's not recognized as a legitimate device. Finally, ensure that all SMB connections are encrypted and that the latest security patches are applied to both the client and server systems."}",0,0
21,unknown,"2026-01-22 17:56:52",{},NULL,success,high,1,malware,"{"agent": "LogAnalyzer", "status": "success", "severity": "high", "description": "A potentially malicious execution of PowerShell with encoded commands has been detected on a Windows file server. This could indicate an attempt to install malware, exfiltrate data, or establish a backdoor for future access. The use of encoded commands suggests an effort to avoid detection by traditional security monitoring tools.", "threat_type": "malware", "threat_detected": "true", "recommended_action": "Immediately isolate the affected host (192.168.1.110) from the network to prevent potential lateral movement. Conduct a thorough forensic analysis of the system to identify the source and scope of the threat. Check for any unauthorized changes to system files, registry settings, or user accounts. Consider running a full antivirus scan and applying any pending security updates. Monitor network traffic and system logs for signs of continued malicious activity."}",0,0
